{
  "Products": [
    {
      "id": 1,
      "name": "apple 250g",
      "price": 50
    },
    {
      "id": 2,
      "name": "Mango 500g",
      "price": 60
    },
    {
      "name": "Kiwi",
      "price": 35,
      "id": 3
    },
    {
      "name": "Banana *1",
      "price": 6,
      "id": 4
    },
    {
      "name": "Banana *12",
      "price": 60,
      "id": 5
    },
    {
      "name": "Pomogranate",
      "price": 150,
      "id": 6
    },
    {
      "name": "CusturdApple",
      "price": 67,
      "id": 7
    },
    {
      "name": "Sapota",
      "price": 45,
      "id": 8
    },
    {
      "name": "Dragon Fruit",
      "price": 234,
      "id": 9
    }
  ]
}